DevExpress/DevExtreme,['devextreme']
akvo/akvo-flow-mobile,['gplv3']
the55/usmap,['plottable.js']
hrbrmstr/metricsgraphics,['metricsgraphics']
mozilla/metrics-graphics,['metrics-graphics']
johntexastechsmith/DojoTrendCharting,['dojo-charting']
fzaninotto/CodeFlower,['codeflower']
metormote/iopctrl,['iopctrl']
bizweekgraphics/swoopyarrows,['swoopyarrows']
eventbrite/britecharts,['britecharts']
dc-js/dc.js,['dc.js']
angelini/cola.js,['cola.js']
joewalnes/smoothie,['smoothie-charts']
FormidableLabs/victory-chart,['victory-charts']
keen/keen-dataviz.js,['keen-dataviz.js']
epochjs/epoch,['epoch']
kotojs/kotojs,['kotojs']
PMSI-AlignAlytics/dimple,['dimple']
rrag/react-stockcharts,['react-stockcharts']
arankek/chroniton,['chroniton']
sumikoc/state-point-calculator,['n3-charts']
Leaflet/Leaflet,['leaflet']
uber/deck.gl,['deck.gl']
yutannihilation/chartist,['chartist']
imkevinxu/xkcdgraphs,['xkcdgraphs']
Lusitaniae/KoolCharts-searchable-database,['koolchart']
romsson/dragit,['dragit']
OSUCartography/adaptive-composite-map-projections,['composite-projections']
ChimpStudios/AmCharts,['amcharts']
balint42/comic.js,['comic.js']
highcharts/highcharts,"['highcharts', 'highcharts']"
cytoscape/cytoscape.js,['cytoscape.js']
mick/billboard,['billboard']
uber/react-vis,['react-vis']
vaadin/vaadin-charts,['vaadin-charts']
ignacioola/insights,['insights']
ropensci/plotly,['plotly']
chartjs/Chart.js,['chart.js']
ossys/ng-techan,['techanjs']
morrisjs/morris.js,['morris.js']
GoogleWebComponents/google-chart,['google-chart']
hshoff/vx,['vx']
cosmin-nicula/ReclineTwitterBootstrapGridView,['reclinejs']
recharts/recharts,['recharts']
bbonnin/pizza-angular,['pizza-pie-charts']
Steema/TeeChart-for-JavaScript-HTML5-samples,['teechart-for-javascript']
Bart6114/sparklines,['jquery-sparklines']
nextreports/nextcharts,['nextcharts']
ankane/chartkick,['chartkick']
floledermann/mapmap.js,['mapmap.js']
samizdatco/arbor,['arbor']
AnyChart/AnyChart,['anychart']
d3/d3,['d3']
Netflix/vizceral,['vizceral']
biovisualize/micropolar,['micropolar']
sjanaud/jenscript,['jenscript']
hojberg/grunt-yui-config,['yui-charts']
EmpriseCorporation/EJSCharts,['ejscharts']
dandv/meteor-webix,['webix-ui']
mbostock/protovis,['protovis']
square/cubism,"['cubism', 'cubism.js']"
boost/radar-chart,['radar-chart']
flot/flot,['flot']
ogobrecht/apex-plugin-dhtmlx-gantt,['dhtmlx-charts']
markmarkoh/datamaps,['datamaps']
HumbleSoftware/Flotr2,['flotr2']
ecomfe/echarts,['echarts']
pykih/PykCharts.js,['pykcharts']
ennosol/zoomcharts,['zoomcharts']
jqPlot/jqPlot,['jqplot']
bigobject-inc/dynamic_chart_demo,['webix-charts']
charts-4-php,kevinkhill/lavacharts,['charts-4-php'],['lavacharts','charts-4-php']
Imaginea/uvCharts,['uvcharts']
tenXer/xcharts,['xcharts']
plotly/plotly.js,['plotly.js']
danvk/dygraphs,['dygraphs']
NA,"['chart-builder-by-livegap', 'vancharts', 'pluscharts', 'jsdocs2diagram', 'swoopydrag', 'jenscript-js', 'olapcharts', 'livegap', 'cirrus.js']"
crmorford/benchmarking,['plottablejs']
sveinn-steinarsson/flot-downsample,['flot-charts']
riccardoscalco/textures,['textures']
dk8996/Gantt-Chart,['gantt-chart']
emeeks/d3-carto-map,['carto-map']
mapsense/mapsense.js,['mapsense.js']
Packet-Clearing-House/maptable,['maptable']
fusioncharts/angular-fusioncharts,['fusioncharts']
y310/kodama,['kodama']
vace/c3.js,['c3.js']
neuhausi/canvasXpress,['canvasxpress']
densitydesign/raw,['raw']
TargetProcess/tauCharts,['taucharts']
heavysixer/d4,['d4']
mozilla/react-metrics-graphics,['metricsgraphics.js']
syncfusion/ej2-react-charts,['ej2-react-charts']
sameeraroshan/visjs,['visjs']
c3js/c3,['c3']
peek/peek,['peek']
HumbleSoftware/envisionjs,['envisionjs']
dborzov/netvis,['netvis']
RhoInc/Webcharts,['webcharts']
ErikGartner/dTree,['dtree']
vega/vega,['vega']
DimitarChristoff/canvasjs,['canvasjs']
zingchart/ZingChart,['zingchart']
knsv/mermaid,['mermaid']
jacomyal/sigma.js,"['sigma.js', 'sigma-js']"
highchartTable/jquery-highchartTable-plugin,['jquery-highcharttable']
boundary/firespray,['firespray']
vizabi/vizabi,['vizabi']
AnalyticalGraphicsInc/cesium,['cesium']
jjacobson93/graphael,['graphael']
oraclebimad/bullet-chart,['bullet-chart']
caseif/vis.js,['vis.js']
marmelab/EventDrops,['eventdrops']
ebemunk/chess-dataviz,['chess-dataviz']
Addepar/ember-charts,['ember-charts']
newsappsio/spam,['spam']
wp-plugins/factmint-charts,['factmint-charts']
Automattic/jetpack,['jetpack']
stamen/modestmaps-js,['modestmaps-js']
ahoiin/Fancycharts.js,['fancycharts']
mhammiche/rgraph,['rgraph']
gionkunz/chartist-js,"['chartist.js', 'chartist-js']"
paultag/dc,['dc']
aofall/Public-hosts,['cc-by-nc-3.0']
miya0001/simple-map,['simple-map']
shutterstock/rickshaw,['rickshaw']
