DevExpress/DevExtreme,['devextreme']
shieldui/shieldui-lite,['shield ui']
the55/usmap,['plottable.js']
mozilla/metrics-graphics,['metrics-graphics']
cleblond/moodle-filter_chart,['dhtmlxchart']
okfn/recline,['recline']
dc-js/dc.js,['dc.js']
joewalnes/smoothie,['smoothie charts']
keen/keen-dataviz.js,['keen-dataviz.js']
gionkunz/chartist-js,"['chartist.js', 'chartist-js']"
pablojim/highcharts-ng,"['highcharts, highstock']"
sumikoc/state-point-calculator,['n3-charts']
jsetting32/JSCharts,['jscharts']
Leaflet/Leaflet,['leaflet']
uber/deck.gl,['deck.gl']
yutannihilation/chartist,['chartist']
DmitryBaranovskiy/raphael,['raphael']
Lusitaniae/KoolCharts-searchable-database,['koolchart']
voidlabs/elycharts,['elycharts']
ChimpStudios/AmCharts,['amcharts']
highcharts/highcharts,['highcharts']
cytoscape/cytoscape.js,['cytoscape.js']
ropensci/plotly,['plotly']
chartjs/Chart.js,['chart.js']
eSteemApp/steemapi,['steema']
mhammiche/rgraph,['rgraph']
morrisjs/morris.js,['morris.js']
GoogleWebComponents/google-chart,['google chart']
vaadin/charts,['vaadin charts']
jsxgraph/jsxgraph,['jsxgraph']
bbonnin/pizza-angular,['pizza pie charts']
Steema/TeeChart-for-JavaScript-HTML5-samples,['teechart for javascript']
TargetProcess/taucharts-docs,['taucharts']
Bart6114/sparklines,['jquery sparklines']
nextreports/nextcharts,['nextcharts']
ankane/chartkick,['chartkick']
zingchart/ZingChart,['zingchart']
AnyChart/AnyChart,['anychart']
dylans/dojo-themes,"['dojo (dojox/charting)', 'dojo charting']"
d3/d3,['d3']
Netflix/vizceral,['vizceral']
HumbleSoftware/envisionjs,['envisionjs']
sjanaud/jenscript,['jenscript']
angular-google-chart/angular-google-chart,['google chart tools']
hojberg/grunt-yui-config,['yui charts']
EmpriseCorporation/EJSCharts,"['ejschart', 'ejscharts']"
mbostock/protovis,['protovis']
square/cubism,['cubism.js']
flot/flot,"['flot charts', 'flot']"
ogobrecht/apex-plugin-dhtmlx-gantt,['dhtmlx charts']
VREMSoftwareDevelopment/WiFiAnalyzer,['gplv3']
HumbleSoftware/Flotr2,['flotr2']
ecomfe/echarts,['echarts']
ennosol/zoomcharts,['zoomcharts']
jqPlot/jqPlot,['jqplot']
kevinkhill/lavacharts,['charts 4 php']
Imaginea/uvCharts,['uvcharts']
tenXer/xcharts,['xcharts']
hattan/KendoUIDemo,['kendoui dataviz']
plotly/plotly.js,['plotly.js']
danvk/dygraphs,"['dygraphs', 'dygraph']"
NA,"['shield ui charts', 'arcadiacharts', 'pluscharts', 'jenscriptjs', 'svgware', 'reportivo.com', 'vancharts', 'olapcharts', 'jenscript js', 'chart builder by livegap', 'livegap']"
sameeraroshan/visjs,['visjs']
novus/nvd3,['nvd3']
fusioncharts/angular-fusioncharts,['fusioncharts']
vace/c3.js,['c3.js']
neuhausi/canvasXpress,['canvasxpress']
densitydesign/raw,['raw']
hrbrmstr/metricsgraphics,['metricsgraphics']
mozilla/react-metrics-graphics,['metricsgraphics.js']
RhoInc/Webcharts,['webcharts']
DimitarChristoff/canvasjs,['canvasjs']
samizdatco/arbor,['arbor']
ajaybhaga/JQChart,['jqchart']
aahad/D3.js,['d3.js']
FormidableLabs/victory,['victory']
jacomyal/sigma.js,"['sigma js', 'sigma.js']"
highchartTable/jquery-highchartTable-plugin,['jquery highcharttable']
mspaulding06/CanvasJS,['canvasjs charts']
aofall/Public-hosts,['cc by-nc 3.0']
AnalyticalGraphicsInc/cesium,['cesium']
jjacobson93/graphael,['graphael']
caseif/vis.js,['vis.js']
PatMartin/Dex,['dex']
walkingtree/chartsly,['sencha touch charts']
Addepar/ember-charts,['ember charts']
davidberneda/TeeChart,['teechart']
wp-plugins/factmint-charts,['factmint charts']
stamen/modestmaps-js,['modestmaps-js']
derrvish/webix-gantt-chart,['webix charts']
paultag/dc,['dc']
PMSI-AlignAlytics/dimple,['dimple']
webix-hub/components,['webix ui']
aurelia-ui-toolkits/aurelia-syncfusion-bridge,['syncfusion']
shutterstock/rickshaw,['rickshaw']
